路径,测试名称,描述,步骤描述,预期结果,优先级
合并测试阶段/绑定和关联/绑定/入口与方向校验/要点右键显示,资源管理器右键测试大纲下的 .md 显示「绑定测试案例」,源为 且位于 测试任务/<任务>/测试大纲/ 下时，应出现「绑定测试案例」右键菜单，打开绑定对话框（point-to-cases）,步骤1: 定位「测试任务/任务A/测试大纲/登录要点 」 步骤2: 右键该 文件 步骤3: 观察上下文菜单。,【业务功能检查】 - 出现「绑定测试案例」菜单项 - 点击后打开绑定对话框，方向为 point-to-cases - 对话框扫描同任务下的测试案例候选,高
合并测试阶段/绑定和关联/绑定/入口与方向校验/要点xmind右键,资源管理器右键测试大纲下的 .xmind 显示「绑定测试案例」,对 与 同样处理（均属要点），需验证 在测试大纲下也能触发 point-to-cases。,步骤1: 定位「测试任务/任务A/测试大纲/登录要点 」 步骤2: 右键该文件 步骤3: 点击「绑定测试案例」。,【业务功能检查】 - 出现「绑定测试案例」菜单项 - 打开对话框方向为 point-to-cases - 候选为同任务测试案例目录下的,高
合并测试阶段/绑定和关联/绑定/入口与方向校验/案例右键显示,资源管理器右键测试案例下的 .csv 显示「绑定测试要点」,case-to-points 方向：源为 且位于 测试任务/<任务>/测试案例/ 下时，显示「绑定测试要点」菜单。,步骤1: 定位「测试任务/任务A/测试案例/登录案例 」 步骤2: 右键该文件 步骤3: 点击「绑定测试要点」。,【业务功能检查】 - 出现「绑定测试要点」菜单项 - 打开对话框方向为 case-to-points - 候选为同任务测试大纲下的,高
合并测试阶段/绑定和关联/绑定/入口与方向校验/案例多扩展名,测试案例目录下的 .yaml、.yml、.json 右键均显示「绑定测试要点」,允许的案例扩展名集合为，需验证四种扩展名右键均生效。,步骤1: 分别在测试案例目录下右键 案例 、案例 、案例 步骤2: 逐一观察菜单 步骤3: 点击「绑定测试要点」。,【业务功能检查】 - 三种扩展名右键均出现「绑定测试要点」 - 均能打开 case-to-points 对话框 - 候选列表包含测试大纲下的要点文件,中
合并测试阶段/绑定和关联/绑定/入口与方向校验/非任务目录拦截,不在「测试任务<子任务>」结构下的文件右键绑定被拦截并提示,与 均校验必须位于 测试任务/<子任务>/ 目录结构下，否则 warning 且不打开对话框。,步骤1: 在任意非测试任务目录（如工作区根 /tmp）下创建文件并右键 步骤2: 点击「绑定测试案例」或「绑定测试要点」 步骤3: 观察提示。,"【业务功能检查】 - 弹出 warning：当前文件不在 ""测试任务/<子任务>"" 目录结构下 - 不打开绑定对话框 -",中
合并测试阶段/绑定和关联/绑定/入口与方向校验/方向错配拦截,要点文件点击「绑定测试要点」方向错配被拦截,当用户在测试大纲的 上错误地触发 case-to-points（或测试案例的 上触发 point-to-cases）时，方向校验失败并提示正确目录。,步骤1: 在测试大纲下右键，选择非预期的「绑定测试要点」入口 步骤2: 或在测试案例下右键，选择「绑定测试案例」 步骤3: 观察提示。,"【业务功能检查】 - 要点侧提示「""绑定测试案例""只能用于 测试大纲 目录下的文件」 - 案例侧提示「""绑定测试要点""只能用于 测试案例 目录下的文件」 - 均不打开对话框",中
合并测试阶段/绑定和关联/绑定/入口与方向校验/命令面板入口,命令面板可执行「绑定测试案例」「绑定测试要点」命令并打开对话框,注册 . / 命令（可见命令面板）。无右键 uri 时回退到当前活动编辑器文件推断方向。,步骤1: 打开测试大纲下的 要点 步骤2: 命令面板执行「绑定测试案例」 步骤3: 对话框打开后核对候选。,【业务功能检查】 - 命令面板可检索到绑定命令 - 以活动文件为源打开对话框 - 方向由源文件类型正确推断,中
合并测试阶段/绑定和关联/绑定/绑定对话框/候选扫描,打开对话框扫描同任务下全部候选案例文件,→ ：在 测试任务/<任务>/测试案例 递归扫描 （跳过以 . 开头的目录）,步骤1: 右键测试大纲下的 要点，点击绑定测试案例 步骤2: 等待对话框加载（异步扫描不阻塞） 步骤3: 查看候选列表。,【业务功能检查】 - 候选列出同任务测试案例目录下所有支持扩展名的文件 - 候选按相对路径排序（zh-） - 加载期间显示 loading，不假死,高
合并测试阶段/绑定和关联/绑定/绑定对话框/要点候选,打开「绑定测试要点」对话框扫描同任务下候选要点文件,case-to-points 方向下，候选扫描目标目录为 测试大纲，扩展名限定。,步骤1: 右键测试案例下的 案例，点击绑定测试要点 步骤2: 查看候选列表。,【业务功能检查】 - 候选列出同任务测试大纲下 - 不含测试案例目录内的文件,高
合并测试阶段/绑定和关联/绑定/绑定对话框/已绑定标记,候选正确标记「已与当前源绑定」状态,通过 / 计算，标记 =true 的候选。,步骤1: 预先将该要点与一个案例绑定 步骤2: 重新打开绑定对话框 步骤3: 观察该案例候选状态。,【业务功能检查】 - 已绑定的案例在候选中标记为已绑定 - 已绑定项默认勾选/高亮 - 其余为未绑定,高
合并测试阶段/绑定和关联/绑定/绑定对话框/被占用标记,候选被其他要点占用时标记不可选并展示占用者,/ 构建占用表；若候选的 占用者非当前源，则 =true， 禁止选择并展示 owner 相对路径。,步骤1: 将 案例 已绑定给 要点X 步骤2: 右键 要点Y 打开绑定对话框 步骤3: 观察 案例A 候选。,【业务功能检查】 - 案例A 显示「已被其他要点绑定」且不可选 - tooltip 展示占用者相对路径（要点X） - 不会因误选破坏 1:1 占用,高
合并测试阶段/绑定和关联/绑定/绑定对话框/一对一约束,选择多个候选保存时被拒绝并保持 1:1,对话框保存时若选中超过 1 个，立即回传提示 1:1，不调用底层写入。,步骤1: 打开绑定对话框（point-to-cases） 步骤2: 勾选两个不同案例 步骤3: 点击保存。,【业务功能检查】 - 弹窗提示「测试要点与测试案例为 1:1 关系，最多只能绑定 1 个测试案例」 - 绑定库未变更 - 对话框不关闭，可继续操作,高
合并测试阶段/绑定和关联/绑定/绑定对话框/占用拒绝写入,目标案例已被其他要点占用时 拒绝写入,. ：对传入的每个，若被其他 point（≠当前 rel）占用，则抛错「该测试案例已被其他测试要点绑定」。,步骤1: 案例A 已绑定 要点X 步骤2: 在 要点Y 对话框中选择 案例A 并保存 步骤3: 观察结果。,【业务功能检查】 - 保存失败，弹窗显示拒绝原因 - 绑定库不变更 -,高
合并测试阶段/绑定和关联/绑定/绑定对话框/要点已绑其他案例,目标要点已绑定其他案例时 拒绝写入,若目标 point 已绑定非空 case（且不是当前），抛错「该测试要点已绑定其他测试案例」，保持 1:1。,步骤1: 要点X 已绑定 案例A 步骤2: 在 案例B 对话框中选择 要点X 并保存 步骤3: 观察结果。,【业务功能检查】 - 保存失败并提示要点已绑定其他案例 - 绑定库不变更 - 不影响原 要点X↔案例A 关系,高
合并测试阶段/绑定和关联/绑定/绑定对话框/取消关闭,点击取消或关闭对话框不写入任何绑定,对话框发送取消消息后关闭；绑定库不受影响。,步骤1: 打开绑定对话框并勾选一个候选 步骤2: 点击「取消」按钮（或关闭面板） 步骤3: 检查绑定库。,【业务功能检查】 - 无写入发生 - 原绑定关系保持不变 -,中
合并测试阶段/绑定和关联/绑定/绑定对话框/空态提示,目标目录无任何候选时显示空态并可打开目录,返回空列表时，对话框展示空态提示并提供「打开目录」按钮（消息 →）,步骤1: 在测试案例目录为空的情况下打开绑定测试案例对话框 步骤2: 观察空态文案 步骤3: 点击「打开目录」。,【业务功能检查】 - 显示「暂无候选案例」类空态提示 - 点击打开目录可在资源管理器定位到测试案例目录 - 不报错,中
合并测试阶段/绑定和关联/绑定/绑定对话框/保存后刷新,绑定保存成功后自动刷新装饰器与状态栏,save 成功后回传 （源+新对端+旧对端）给，并 提示「已绑定 1 个测试案例」，随后 300ms 关闭面板。,步骤1: 在对话框中选择一个未占用案例并保存 步骤2: 观察提示与面板 步骤3: 查看资源管理器中两文件的 🔗 装饰。,【业务功能检查】 - 提示「已绑定 1 个测试案例」 - 源文件与对端文件均出现 🔗 徽标 - 状态栏出现跳转按钮（无需切换编辑器）,高
合并测试阶段/绑定和关联/绑定/绑定对话框/解除绑定,选择 0 个候选保存即解除原绑定,/ 传入空数组 → 覆盖式清空该源的所有绑定（等价 unbind）,步骤1: 预先将要点与一个案例绑定 步骤2: 重新打开对话框，取消勾选并保存（选 0 个） 步骤3: 检查绑定库与装饰。,【业务功能检查】 - 提示「已解除绑定」 - 绑定库中该源记录被移除 - 双方 🔗 徽标消失,高
合并测试阶段/绑定和关联/绑定/持久化存储/落库结构,绑定关系写入 绑定存储文件（位于工作区内部存储目录）,"绑定文件位于 <workspace>/，结构 { version:1, bindings:[{point,cases, }] }。",步骤1: 绑定一个要点与案例 步骤2: 打开绑定存储文件 步骤3: 查看结构。,【业务功能检查】 - 文件存在于 下 - version=1，bindings 为数组 - 每条记录含 point、cases（数组）,高
合并测试阶段/绑定和关联/绑定/持久化存储/相对路径存储,绑定路径以相对工作区根的 路径存储（跨平台稳定）,将绝对路径转相对根 路径写入； 反向还原，避免 Windows 反斜杠差异。,步骤1: 在不同工作区结构下分别绑定 步骤2: 查看 json 中 point / cases 字段。,【业务功能检查】 - point、cases 均为相对工作区根的 路径（用 / 分隔） - 不写入绝对路径或反斜杠 - 重新读取能正确还原为绝对路径,中
合并测试阶段/绑定和关联/绑定/持久化存储/覆盖式绑定,重新绑定某要点覆盖其旧案例绑定,为覆盖式：对同一 point，新 cases 替换旧 cases（而非追加），实现重绑语义。,步骤1: 要点X 绑定 案例A 步骤2: 再绑定 要点X → 案例B（仍选 1 个） 步骤3: 检查绑定库。,【业务功能检查】 - 要点X 的 cases 变为 [案例B] - 不再包含 案例A - 案例A 的占用被释放,高
合并测试阶段/绑定和关联/绑定/持久化存储/占用校验拒绝,持久化层拒绝造成 1:1 占用的写入,/ 内部均做占用校验；尝试把已被占用的对端绑给新源时抛错。,步骤1: 案例A 已绑定 要点X 步骤2: 调用 步骤3: 捕获异常。,【业务功能检查】 - 抛出占用冲突错误（指向占用者） - 绑定库不被部分写入破坏,高
合并测试阶段/绑定和关联/绑定/持久化存储/双向查询,双向查询正确,返回要点绑定的案例绝对路径数组； 反向遍历 bindings 返回包含该案例的要点。,步骤1: 绑定 要点X ↔ 案例A 步骤2: 分别调用 、 步骤3: 核对返回。,【业务功能检查】 - 两查询分别返回对应绝对路径 - 1:1 下各返回唯一一项 - 未绑定方返回空数组,高
合并测试阶段/绑定和关联/绑定/持久化存储/未参与判定,正确判定文件是否参与任何绑定,文件作为 point 或 case 任一角色出现在绑定库时返回 true；空 cases 的记录（仅 point 无案例）返回 false。,步骤1: 查询已绑定要点路径、已绑案例路径、无关文件路径 步骤2: 分别调用。,【业务功能检查】 - 已绑要点/案例返回 true - 无关文件返回 false - 仅有 point 且无 cases 的记录视为未参与绑定,中
合并测试阶段/绑定和关联/绑定/持久化存储/文件缺失安全,绑定文件不存在或解析失败时安全返回空结构,"文件不存在（）或 解析失败时，返回 { version:1, bindings:[] }，不抛错； 在缺失时创建空文件。",步骤1: 删除 point-case- 步骤2: 调用查询 步骤3: 观察返回。,【业务功能检查】 - 返回空 bindings 结构而非崩溃 - 读取后 ensure 已重建空文件 - 不影响其他功能,中
合并测试阶段/绑定和关联/绑定/持久化存储/乐观锁冲突,并发写触发乐观锁 并在监听器层重试一次,提供 乐观锁；若磁盘 mtime 与基线不一致抛。监听器（rename/remove）捕获后无锁重试一次。,步骤1: 模拟两个写操作竞争同一绑定文件 步骤2: 第二个写以第一个的 mtime 为基线 步骤3: 观察异常与重试。,【业务功能检查】 - 后者抛出 （当确实被改动） - 监听器路径下自动无锁重试成功 - 数据最终一致,中
合并测试阶段/绑定和关联/绑定/重命名删除同步/重命名要点,重命名测试要点 md 时绑定库同步更新 point 路径,→ ：若 出现在 bindings[]，则替换为 ；同根内才更新。,步骤1: 绑定 旧要点 ↔ 案例A 步骤2: 将 旧要点 重命名为 新要点 步骤3: 检查绑定库。,【业务功能检查】 - bindings 中 point 更新为新相对路径 - 案例A 的绑定关系保持不变 - 装饰器精确刷新,高
合并测试阶段/绑定和关联/绑定/重命名删除同步/重命名案例,重命名测试案例文件时绑定库同步更新 cases 路径,若 出现在某，则替换为。,步骤1: 绑定 要点X ↔ 旧案例 步骤2: 重命名 旧案例 → 新案例 步骤3: 检查绑定库。,【业务功能检查】 - 对应 更新为新相对路径 - 要点X 的绑定仍有效 - 跳转可正确打开新案例,高
合并测试阶段/绑定和关联/绑定/重命名删除同步/删除要点,删除测试要点 md 时移除整条绑定记录,过滤掉该要点的整条记录，并从其余 cases 剔除该 rel。,步骤1: 绑定 要点X ↔ 案例A 步骤2: 删除 要点 步骤3: 检查绑定库。,【业务功能检查】 - 该 point 记录被整条删除 - 案例A 不再被该要点引用 - 相关 🔗 徽标消失,高
合并测试阶段/绑定和关联/绑定/重命名删除同步/删除案例,删除测试案例文件时从 cases 中剔除并清理空记录,从所有 剔除 rel；若某 record 因此 cases 为空则一并删除。,步骤1: 绑定 要点X ↔ 案例A 步骤2: 删除 案例 步骤3: 检查绑定库。,【业务功能检查】 - 要点 不再含 案例A - 因 cases 为空，该记录被删除 - 装饰与状态栏同步更新,高
合并测试阶段/绑定和关联/绑定/重命名删除同步/跨区移动,跨工作区移动文件视为删除（清理原绑定）,当 与 不同，按 处理（当前实现不跨区新增）,步骤1: 绑定 要点X（工作区A）↔ 案例A（工作区A） 步骤2: 将 案例A 移动到工作区B 步骤3: 检查工作区A绑定库。,【业务功能检查】 - 工作区A 中对该案例的引用被清理 - 不产生跨区脏绑定,中
合并测试阶段/绑定和关联/绑定/跳转与状态栏/要点跳转案例,右键测试要点「跳转到已绑定的测试案例」打开对端文件并定位,→ → （+）；文件存在时打开并聚焦。,步骤1: 绑定 要点X ↔ 案例A 步骤2: 右键 要点，点击「跳转到已绑定的测试案例」 步骤3: 观察。,【业务功能检查】 - 打开 案例A 文件 - 在资源管理器中定位（reveal） -,高
合并测试阶段/绑定和关联/绑定/跳转与状态栏/要点未绑提示,未绑定要点点击跳转时提示是否立即绑定,返回 null → 弹 「是否立即绑定」，选「立即绑定」则打开对话框。,步骤1: 确保 要点X 未绑定 步骤2: 右键该要点点击跳转案例 步骤3: 点击「立即绑定」。,【业务功能检查】 - 提示「当前测试要点尚未绑定测试案例，是否立即绑定」 - 选立即绑定打开绑定对话框 -,高
合并测试阶段/绑定和关联/绑定/跳转与状态栏/案例缺失提示,跳转到的绑定案例文件已删除时给出告警,命中但 fs. 为假 → 「绑定的测试案例文件不存在」。,步骤1: 绑定 要点X ↔ 案例A 后删除 案例A 步骤2: 右键 要点X 跳转到案例 步骤3: 观察提示。,【业务功能检查】 - 弹出告警指出绑定案例文件不存在 - 不打开空/错误文件 -,中
合并测试阶段/绑定和关联/绑定/跳转与状态栏/案例跳转要点,右键测试案例「跳转到已绑定的测试要点」打开对端要点,→ → ；逻辑与要点侧对称。,步骤1: 绑定 要点X ↔ 案例A 步骤2: 右键 案例 点击跳转要点 步骤3: 观察。,【业务功能检查】 - 打开 要点 - 在资源管理器定位 -,高
合并测试阶段/绑定和关联/绑定/跳转与状态栏/状态栏要点,打开已绑要点文件时状态栏显示「跳转到已绑定的测试案例」,活动文件命中 且 role=point → 文案 + 命令 . ； 查表，5s 缓存。,步骤1: 绑定 要点X ↔ 案例A 步骤2: 激活编辑器打开 要点 步骤3: 观察底部状态栏。,【业务功能检查】 - 状态栏显示「 跳转到已绑定的测试案例」 - 点击执行跳转命令 - tooltip 含绑定案例名,高
合并测试阶段/绑定和关联/绑定/跳转与状态栏/状态栏案例,打开已绑案例文件时状态栏显示「跳转到已绑定的测试要点」,role=case → 文案 + 命令 .。,步骤1: 激活编辑器打开已绑案例 案例 步骤2: 观察状态栏。,【业务功能检查】 - 状态栏显示「跳转到已绑定的测试要点」 - 点击跳转到要点 - tooltip 含绑定要点名,高
合并测试阶段/绑定和关联/绑定/跳转与状态栏/状态栏隐藏,未绑定的文件打开时状态栏按钮隐藏,查询 无命中 →。,步骤1: 打开一个未参与绑定的任意文件 步骤2: 观察状态栏。,【业务功能检查】 - 不显示跳转按钮 - 切换编辑器时按当前文件动态显隐,中
合并测试阶段/绑定和关联/绑定/跳转与状态栏/保存后自现,在对话框完成绑定后状态栏自动出现（无需切换编辑器）,保存后调用 → 强制刷新状态栏。,步骤1: 打开未绑要点并停留 步骤2: 通过命令面板打开绑定对话框并完成绑定 步骤3: 观察状态栏是否即时出现。,【业务功能检查】 - 绑定完成后状态栏立即出现跳转按钮 - 不需要手动切换编辑器触发,中
合并测试阶段/绑定和关联/绑定/装饰器/要点徽标,已绑定的测试要点文件在资源管理器显示 🔗 徽标（绿色）,. ：命中 且 role=point → badge 🔗、color 、tooltip「已绑定测试案例：<名>」。,步骤1: 绑定 要点X ↔ 案例A 步骤2: 在资源管理器查看 要点 步骤3: 观察图标。,【业务功能检查】 - 文件显示 🔗 徽标 - 徽标颜色为绿色 - hover 提示「已绑定测试案例：案例A」,高
合并测试阶段/绑定和关联/绑定/装饰器/案例徽标,已绑定的测试案例文件显示 🔗 徽标（绿色）,role=case → tooltip「已绑定测试要点：<名>」。,步骤1: 查看已绑案例 案例 的图标 步骤2: hover 观察 tooltip。,【业务功能检查】 - 案例文件显示 🔗 徽标 - tooltip 含绑定要点名,高
合并测试阶段/绑定和关联/绑定/装饰器/精确刷新,绑定或解绑后旧对端与新对端图标均被精确刷新,保存时把 源+新对端+旧对端 传给，装饰器只对受影响 调 fire，并失效 缓存。,步骤1: 将 要点X 从 案例A 改绑到 案例B 步骤2: 观察两案例文件图标。,【业务功能检查】 - 案例A 图标消失（变未绑） - 案例B 图标出现（变已绑） - 无需全量重绘即可更新,高
合并测试阶段/绑定和关联/绑定/装饰器/未绑无标记,未参与绑定的文件不显示 🔗 徽标,未命中 且不命中原任务文件夹逻辑 → 返回 undefined（无徽标）,步骤1: 查看未绑定文件图标 步骤2: 确认无徽标。,【业务功能检查】 - 文件无 🔗 装饰 - 不影响普通文件展示,中
合并测试阶段/绑定和关联/关联/匹配引擎/类型1最强,parent_id 命中且归一化 path 相等时判 type=1（最强）,. ：当 record 的 命中某 point 且 与该 point. 相等→ type=1，优先级最高。,步骤1: 要点列表含 = -001、 =账户中心/登录 步骤2: 案例记录 = -001、path=账户中心/登录 步骤3: 运行。,【业务功能检查】 - 该案例归到 -001，type=1 - stats. +1 - 计入,高
合并测试阶段/绑定和关联/关联/匹配引擎/类型2路径兜底,仅 path 命中（无或不匹配 parent_id）时判 type=2,当 完全未命中且归一化 path 命中某 point. → type=2（路径兜底）。中文 因无 只能走 type=2。,步骤1: 要点 =账户中心/登录 步骤2: 案例记录无 、path=账户中心/登录 步骤3: 运行匹配。,【业务功能检查】 - 该案例归到对应要点，type=2 - type1=0、type2+1 - 中文表头 命中符合此路径,高
合并测试阶段/绑定和关联/关联/匹配引擎/类型3父id,仅 parent_id 命中但 path 不等或缺失时判 type=3,命中但归一化 path 与该 point 的 不相等（或 path 缺失）→ type=3。,步骤1: 要点 = -001、 =账户中心/登录 步骤2: 案例 = -001、path=账户中心/注册（不等） 步骤3: 运行匹配。,【业务功能检查】 - 该案例归到 -001，type=3 - type3+1 - 仍计入匹配（弱匹配）,高
合并测试阶段/绑定和关联/关联/匹配引擎/父id多值,parent_id 为数组或逗号、分号分隔字符串时正确拆分,"支持数组、逗号(,)、中文逗号(，)、分号(;)、全角分号(；)分隔；空串过滤、trim。","步骤1: 案例 分别为 ["" -001"","" -002""]、"" -001, -002""、"" -001； -002"" 步骤2: 分别运行匹配。",【业务功能检查】 - 三种写法均拆成两个候选父点 - 命中数量与写法无关 - 多余空白被忽略,中
合并测试阶段/绑定和关联/关联/匹配引擎/尾号剥离,parent_id 末尾 -数字 在未命中时剥离兜底（-001-1→ -001）,"原值查不到时尝试去掉末尾 ""-数字""，命中则记为 （统计）",步骤1: 要点 = -001 步骤2: 案例 = -001-1（原值不命中） 步骤3: 运行匹配。,【业务功能检查】 - 通过 -1 剥离命中 -001 - stats. +1 - 原值已命中时不误剥（避免 -001 被误剥为）,中
合并测试阶段/绑定和关联/关联/匹配引擎/path归一化,path 归一化统一反斜杠、全角斜杠、间隔点、首尾与连续斜杠,\、／、· 转 /；折叠空白；去掉斜杠两侧空白；合并连续 //；去首尾斜杠。,步骤1: 要点 =账户中心/登录 步骤2: 案例 path 分别用 账户中心\登录、账户中心／登录、账户中心·登录、/账户中心/登录/、账户中心//登录 步骤3: 运行匹配。,【业务功能检查】 - 所有变体均归一化为 账户中心/登录 并命中 type=1/2 - 与要点侧使用同一套规则，避免 对 / 不一致,高
合并测试阶段/绑定和关联/关联/匹配引擎/单点归属,同一案例只归到一个要点（多命中取最强 type）,"同一 ( , ) 去重；多命中时按 type 升序取第一个，避免一个 case 被多个 point 瓜分。",步骤1: 两个要点 相同（兄弟点） 步骤2: 案例 path 命中两者 步骤3: 运行匹配。,【业务功能检查】 - 该案例仅归到一个 point - 选中的为 type 最小（最强）者 - 不产生重复归属,高
合并测试阶段/绑定和关联/关联/匹配引擎/多命中告警1,parent_id 数组指向多个不同要点时记为 multiHit 告警,判定1：hits 内部含 >1 个不同 （脏数据）→ 该 进。,"步骤1: 要点 -001、 -002 均存在 步骤2: 案例 = -001, -002 步骤3: 运行匹配。",【业务功能检查】 - 进 stats. - 仍按单点归属落库（取最强） -,中
合并测试阶段/绑定和关联/关联/匹配引擎/多命中告警2,案例 path 指向与 parent_id 完全不同的模块时记为 multiHit,判定2：path 命中的 集合与 命中集合完全不相交 →。,步骤1: 要点 A（path=模块A）、要点 B（path=模块B） 步骤2: 案例 命中 A，但 path=模块B 步骤3: 运行匹配。,【业务功能检查】 - 进 - 表明 path 与 指向不同模块（数据可疑）,中
合并测试阶段/绑定和关联/关联/匹配引擎/同point去重,同一要点内相同 testcase_id 去重（Q8）,[ ] 内用 seen 集合按 去重，重复记录只计一次。,步骤1: 同一要点下两条记录 相同 步骤2: 运行匹配。,【业务功能检查】 - 该要点下该 只出现一次 - 不重复计数,中
合并测试阶段/绑定和关联/关联/匹配引擎/孤儿记录,parent_id 与 path 均不命中时记为孤儿（orphan）,hits 为空 → +1，不进入 ；中文 若 path 也不匹配则成孤儿。,步骤1: 要点 =账户中心/登录 步骤2: 案例 path=不存在的模块、无 步骤3: 运行匹配。,【业务功能检查】 - stats. +1 - 不含该案例 - total= -matched-orphan 关系成立,中
合并测试阶段/绑定和关联/关联/匹配引擎/重复pointId,要点列表存在重复 pointId 时记入重复清单,同一 出现多次 →，最终 stats. 返回（脏数据信号）,步骤1: 要点列表含两个 相同的条目 步骤2: 运行匹配。,【业务功能检查】 - stats. 含该 - 多归属的 point 仍被合并处理 -,中
合并测试阶段/绑定和关联/关联/匹配引擎/默认字段名,默认按 parent_id、path、testcase_id、name 取值,默认 ：= 、 =path、 = 、 =name。,步骤1: 使用标准英文字段案例文件 步骤2: 运行匹配。,【业务功能检查】 - 四个字段均正确读取 - 命中与命名符合约定,中
合并测试阶段/绑定和关联/关联/匹配引擎/自定义字段,通过 自定义字段名可正确匹配,支持传入 / / / / / 覆盖默认。,步骤1: 案例文件使用非默认字段名（如 父点编号/用例路径/用例编号/用例名称） 步骤2: 以 注入映射 步骤3: 运行匹配。,【业务功能检查】 - 使用自定义字段名仍正确命中 - 数据完整,中
合并测试阶段/绑定和关联/关联/匹配引擎/空pointId路径兜底,要点 pointId 为空但带 pointPath 仍可凭路径参与匹配,为空时不入，但只要 合法就入，支持 type=2 兜底（避免空编号要点被整体跳过）,步骤1: 要点列表含一个 为空、 =账户中心/登录 的条目 步骤2: 案例无 、path=账户中心/登录 步骤3: 运行匹配。,【业务功能检查】 - 该要点凭 path 参与匹配 - 案例归到该要点，type=2 - 不因空编号被忽略,中
合并测试阶段/绑定和关联/关联/匹配引擎/缓存失效,records 走 + mtime 缓存避免重复解析,以 + +size 为键，命中则返回缓存 records；超出 淘汰最久未用。,步骤1: 连续对同一文件运行两次匹配 步骤2: 观察第二次是否走缓存。,【业务功能检查】 - 第二次直接命中缓存、不重复解析 - 文件保存（mtime 变）后缓存失效重解析 - 热调用近乎零成本,中
合并测试阶段/绑定和关联/关联/要点解析/md表头,md 表格「| 序号 | 测试点 | ...」正确解析为 pointList,识别首行为「| 序号 | 测试点 | ...」的表，取前两列作为 /。,步骤1: 编写含「| 序号 | 测试点 | 预期 |」的 md 步骤2: 调用。,"【业务功能检查】 - 解析出每个测试点为 { , , } - 表头识别稳定",高
合并测试阶段/绑定和关联/关联/要点解析/功能条目前缀,「功能条目：xxx」行作为 pointPath 父级前缀,找「功能条目[:：]xxx」行作为 ；无则退化为文件名（去后缀）,步骤1: md 含「功能条目：账户中心/登录模块」 步骤2: 表格测试点「登录鉴权」 步骤3: 解析。,【业务功能检查】 - = 账户中心/登录模块/登录鉴权（归一化后） - 缺功能条目行时取文件名兜底,高
合并测试阶段/绑定和关联/关联/要点解析/空名称跳过,测试点名称为空时跳过该行,仅当 pname 为空才 continue； 为空时用 pname 兜底。,步骤1: 表格某行测试点列为空 步骤2: 解析。,【业务功能检查】 - 空名称行被跳过，不进 - 编号空但名称有的行保留,中
合并测试阶段/绑定和关联/关联/要点解析/编号兜底,测试点编号为空时用名称兜底作为 pointId,= pid || pname，保证未填编号的要点也能参与 path 匹配（type=2）,步骤1: 表格序号列空、测试点列有值 步骤2: 解析。,【业务功能检查】 - 取测试点名称 - 该要点可凭 参与匹配,中
合并测试阶段/绑定和关联/关联/要点解析/表头弹性,md 表头列名弹性识别（编号、点号、id、pointId 等）,匹配 /^(序号|编号|点号|id| )$/i，匹配 /^(测试点|测试要点|要点|名称|name| )$/i。,步骤1: 用「| 编号 | 要点 |」表头 步骤2: 用「| | |」表头 步骤3: 分别解析。,【业务功能检查】 - 不同团队叫法均被正确识别 - 列序无关,中
合并测试阶段/绑定和关联/关联/要点解析/转义竖线,md 单元格内转义竖线 \| 不被当作分列,将 \| 暂存占位符，切完列再还原为 |。,步骤1: 单元格含「A\|B」内容 步骤2: 解析该行。,【业务功能检查】 - A|B 作为同一单元格内容 - 不错误多分一列,中
合并测试阶段/绑定和关联/关联/要点解析/路径写法兼容,功能条目缺或多斜杠、用反斜杠写法均归一化一致,与最终 均经，与案例侧同构。,步骤1: 功能条目用 账户中心\登录模块、账户中心/登录模块/、账户中心 ／ 登录模块 步骤2: 与同 path 案例匹配。,【业务功能检查】 - 三种写法均归一化为 账户中心/登录模块/<点> - 与案例 path 一致命中 type=1/2,中
合并测试阶段/绑定和关联/关联/要点解析/xmind节点,xmind 带五角星图标的节点解析为测试点,以五角星图标节点为测试点（引自）,步骤1: 构造 xmind：功能条目（小旗子）+ 测试点（五角星） 步骤2: 调用解析。,【业务功能检查】 - 五角星节点解析为 - 中间功能条目节点作为父级路径,高
合并测试阶段/绑定和关联/关联/要点解析/xmind结构错误,xmind 中间节点缺图标时返回结构错误清单,解析结果 非空 → 直接短路返回，并随 envelope 携带 清单（含 、）,步骤1: 构造 xmind：存在无图标的中间节点 步骤2: 调用。,【业务功能检查】 - 返回 非空、total=0、data={} - envelope. 列出缺图标节点路径 - 提示为节点标记图标或移到测试点下,中
合并测试阶段/绑定和关联/关联/要点解析/xmind脏数据告警,xmind 多 label 等脏数据产生告警但不阻断解析,warnings 非空（如多 label）→ envelope. 携带，仍正常返回。,步骤1: 构造 xmind 含多 label 节点 步骤2: 调用解析。,【业务功能检查】 - 正常返回 - envelope. 列出脏数据说明 - 不阻断匹配,中
合并测试阶段/绑定和关联/关联/中文CSV兼容/表头探测,中文表头 （名称、路径、预期结果）被探测并映射到引擎字段,只读首行(≤8KB)，命中中文关键字段时把 字段名指向中文键（名称→ 等），数组字段包成数组返回。,"步骤1: 准备中文表头 （名称,路径,前置条件,预期结果,...） 步骤2: 调用 步骤3: 核对是否命中。",【业务功能检查】 - 首行中文表头被识别 - 注入中文键映射 - 案例按中文列正确取值,高
合并测试阶段/绑定和关联/关联/中文CSV兼容/仅类型2,中文 无 parent_id 时只能命中 type=2（路径兜底）,对 仅列中文别名兜底；中文模板通常无，因此只能走 path 兜底，这是数据模型天花板（非缺陷）,步骤1: 准备无父点编号列的中文 步骤2: 与要点按 path 匹配。,【业务功能检查】 - 命中均为 type=2 - type1/type3 为 0 - 行为符合「中文 天花板」说明,中
合并测试阶段/绑定和关联/关联/中文CSV兼容/无中文短路,表头无中文时保持默认英文字段名,首行完全没有中文字符 → 直接返回 undefined，保持 /path/ /name 默认。,步骤1: 准备英文表头 步骤2: 调用匹配。,【业务功能检查】 - 不注入中文映射 - 按英文字段名正常匹配,中
合并测试阶段/绑定和关联/关联/中文CSV兼容/非csv不探测,非 .csv 文件（yaml 或 json）不做中文表头探测,非 / $/i 直接返回 undefined；yaml/json 由用户按约定使用英文字段。,步骤1: 准备英文/中文混合的 yaml 案例 步骤2: 调用匹配。,【业务功能检查】 - 不触发中文探测逻辑 - 按 yaml 约定字段匹配,中
合并测试阶段/绑定和关联/关联/中文CSV兼容/预期成品,中文 的「预期结果」列作为成品文本按行输出,退化分支：无 steps 时，（预期结果）按行原样输出（每行 <p> 包裹），不再按 / / 拆分。,步骤1: 中文 「预期结果」列含【UI检查】等成品标签 步骤2: 匹配后查看。,【业务功能检查】 - 的【预期结果】直接包含原成品文本 - 每行 <p> 包裹 - 不重复拆分标签,中
合并测试阶段/绑定和关联/关联/诊断命令/取激活tab,诊断命令取当前激活 tab 的测试要点文件,优先 . （file 协议）；为空时从 . . 兜底（覆盖 xmind 自定义编辑器）；最后遍历所有 tab 找最近的。,步骤1: 打开 要点 并激活 步骤2: 命令面板执行「关联匹配诊断」 步骤3: 观察输出。,【业务功能检查】 - 命令取到当前 要点 - Output Channel 输出 [ -Linker] 诊断信息 -,高
合并测试阶段/绑定和关联/关联/诊断命令/xmind兜底,xmind 由自定义编辑器打开时从 tabGroups 兜底取路径,xmind 自定义编辑器下 为空，走 兜底且过滤 scheme=file。,步骤1: 用自定义编辑器打开 要点 并激活 步骤2: 执行诊断命令。,【业务功能检查】 - 仍正确取到 xmind 路径 - 不被 output/terminal 虚拟 tab 干扰,高
合并测试阶段/绑定和关联/关联/诊断命令/非要点拦截,当前激活文件非 .md 或 .xmind 时警告并退出,非 → 警告「当前激活文件不是测试要点」并不输出诊断。,步骤1: 激活一个 文件 步骤2: 执行诊断命令。,【业务功能检查】 - 弹 warning 提示非测试要点 - 不执行匹配 - 埋点/提示正常,中
合并测试阶段/绑定和关联/关联/诊断命令/目录校验,要点文件不在「测试任务<任务>测试大纲」下时警告,按目录结构规则校验路径；不匹配 → 警告「当前激活的测试要点文件不在 测试任务/<任务名>/测试大纲/ 下」。,步骤1: 在测试任务外放置一个 并激活 步骤2: 执行诊断命令。,【业务功能检查】 - 弹 warning 指出目录不符 - 不执行匹配,中
合并测试阶段/绑定和关联/关联/诊断命令/未打开文件,未打开任何测试要点时提示先打开文件,多层兜底均取不到 → 警告「请先在编辑器中打开一个测试要点 / 文件」。,步骤1: 关闭所有编辑器后执行诊断命令 步骤2: 观察提示。,【业务功能检查】 - 提示先打开测试要点 - 不报错崩溃,中
合并测试阶段/绑定和关联/关联/诊断命令/未绑定提示,要点已解析但未被任何案例绑定时提示去绑定,返回 null → 「当前测试要点尚未绑定测试案例，请选择文件右键绑定后再试」。,步骤1: 打开已解析出测试点的 要点 （未绑定） 步骤2: 执行诊断命令。,【业务功能检查】 - 提示去绑定 - total=0、data={},高
合并测试阶段/绑定和关联/关联/诊断命令/案例缺失,绑定的案例文件已在磁盘缺失时返回错误,校验 存在( )失败 → 「绑定的测试案例文件已缺失」。,步骤1: 绑定要点与案例后删除案例 步骤2: 执行诊断命令。,【业务功能检查】 - 指出案例缺失 - 不进入匹配,中
合并测试阶段/绑定和关联/关联/诊断命令/无测试点,md 未解析出任何测试点时返回错误,返回空 → 提示检查表头格式。,步骤1: 编写无合规表格的 md 步骤2: 执行诊断命令。,【业务功能检查】 - 提示未解析出测试点及表头要求 - total=0、data={},中
合并测试阶段/绑定和关联/关联/诊断命令/输出规格,诊断输出包含 envelope 与 stats 两块 （-Linker 前缀）,成功时 「[ -Linker] ===== 最终出参（约定格式） =====」+，再输出「===== 统计 =====」+ stats。,步骤1: 绑定且案例存在、含匹配 步骤2: 执行诊断命令 步骤3: 查看 Output Channel。,【业务功能检查】 - 输出含 envelope 完整 （data 按 分组） - 含 stats （/orphan/stripped 等） - 前缀为 [ -Linker],高
合并测试阶段/绑定和关联/关联/诊断命令/xmind错误清单,xmind 结构错误时诊断输出列出问题节点清单,envelope. 非空 → 列出所有缺图标中间节点；达到硬上限(200)时提示可能折叠。,步骤1: 构造含缺图标节点的 xmind 并绑定 步骤2: 执行诊断命令。,【业务功能检查】 - Output 列出 xmind 结构错误节点路径 - 提示为节点标记图标或下移 - 同时仍 dump envelope,中
合并测试阶段/绑定和关联/关联/统计与异常/total计数,envelope.total 等于匹配命中记录数 matchedRecords,total = . ；透传 数据。,步骤1: 准备 N 条命中、M 条孤儿的案例文件 步骤2: 执行聚合。,【业务功能检查】 - = N - data 各 下条目数合计 = N,高
合并测试阶段/绑定和关联/关联/统计与异常/类型分布,stats.typeCount 正确反映 type1、type2、type3 分布,stats. = { ... }（type1/type2/type3）,步骤1: 构造含 type1/type2/type3 混合命中的案例 步骤2: 查看 stats。,【业务功能检查】 - 与匹配引擎统计一致 - 三者之和等于 total,中
合并测试阶段/绑定和关联/关联/统计与异常/孤儿与剥离,stats 含 totalOrphan 与 totalStripped,stats. = ；stats. =。,步骤1: 构造含孤儿记录与父点尾号剥离的用例 步骤2: 查看 stats。,【业务功能检查】 - 等于孤儿数 - 等于尾号剥离次数,中
合并测试阶段/绑定和关联/关联/统计与异常/空pointList,入参 pointList 为空时返回「未传入任何测试要点」,"入参校验：!Array/length=0 → { total:0, :""未传入任何测试要点"", data:{} }。",步骤1: 传空 步骤2: 调用聚合。,【业务功能检查】 - 返回 提示未传入测试要点 - 不进入匹配,中
合并测试阶段/绑定和关联/关联/统计与异常/空filePath,入参 filePath 为空或非字符串时返回「未传入测试案例文件」,入参校验：! /非 string → 「未传入测试案例文件」。,步骤1: 传空 步骤2: 调用聚合。,【业务功能检查】 - 返回对应 、total=0、data={},中
合并测试阶段/绑定和关联/关联/统计与异常/匹配异常,匹配过程抛错时 envelope 返回「匹配失败」错误,"抛错 → catch 返回 { total:0, :""匹配失败: <msg>"", data:{} }。",步骤1: 传入无法解析的损坏案例文件 步骤2: 调用聚合。,【业务功能检查】 - 以「匹配失败」开头并含原始错误 - 不向上抛未捕获异常,中
合并测试阶段/绑定和关联/关联/统计与异常/一对一查询,双向查询在 1:1 下返回唯一对端,的 取 [0]； 取 [0]；未绑定返回 null。,步骤1: 绑定 要点X ↔ 案例A 步骤2: 分别调用两查询 步骤3: 对未绑定文件调用。,【业务功能检查】 - 返回唯一绝对路径 - 未绑定时返回 null（而非空串）,中
